{
  "farmer": [
    {
      "id": 1,
      "assetid": "5286",
      "userid": "F003",
      "lotid": "123",
      "location": "texas",
      "weight": "300pounds",
      "cattletype": "Breeding Heir"
    },
    {
      "id": 2,
      "assetid": "5287",
      "userid": "3040",
      "lotid": "345"
    },
    {
      "id": 3,
      "assetid": "5288",
      "userid": "3050",
      "lotid": "456"
    },
    {
      "assetid": 1,
      "userid": 2,
      "lotid": 3,
      "id": 4
    },
    {
      "assetid": "101",
      "id": 5
    },
    {
      "assetid": "8888",
      "id": 6
    },
    {
      "assetid": "3080",
      "userid": "1000",
      "id": 7
    },
    {
      "assetid": "234234",
      "userid": "234",
      "id": 8
    },
    {
      "assetid": "23423432",
      "userid": "234234",
      "id": 9
    },
    {
      "assetid": "23423432",
      "userid": "234234",
      "id": 10
    },
    {
      "assetid": "2345",
      "userid": "4545",
      "lotid": "",
      "id": 11
    },
    {
      "assetid": "2345",
      "userid": "4545",
      "lotid": "",
      "id": 12
    },
    {
      "assetid": "5286",
      "userid": "3030",
      "lotid": "123",
      "id": 13
    },
    {
      "assetid": "1234",
      "userid": "6789",
      "id": 14
    },
    {
      "assetid": "7890",
      "userid": "6789",
      "lotid": "",
      "id": 15
    },
    {
      "assetid": "7890",
      "userid": "6789",
      "lotid": "",
      "id": 16
    },
    {
      "assetid": "7890",
      "userid": "6789",
      "lotid": "",
      "id": 17
    },
    {
      "assetid": "7890",
      "userid": "6789",
      "id": 18
    },
    {
      "assetid": "5566",
      "userid": "123",
      "id": 19
    },
    {
      "assetid": "1234",
      "userid": "4567",
      "lotid": "",
      "id": 20
    },
    {
      "assetid": "4455",
      "userid": "2233",
      "id": 21
    },
    {
      "assetid": "1112",
      "userid": "1111",
      "id": 22
    },
    {
      "assetid": "454545",
      "userid": "676767",
      "id": 23
    },
    {
      "assetid": "1243",
      "userid": "f003",
      "id": 24
    },
    {
      "assetid": "45454",
      "userid": "f004",
      "id": 25
    },
    {
      "assetid": "1289",
      "userid": "f0004",
      "target": "texas",
      "status": "In Process",
      "id": 26
    },
    {
      "assetid": "1111",
      "userid": "11111",
      "target": "1111",
      "status": "1111",
      "id": 27
    },
    {
      "assetid": "222",
      "userid": "222",
      "target": "2222",
      "status": "222",
      "id": 28
    },
    {
      "cattletype": "22222",
      "weight": "22222",
      "location": "22222",
      "id": 29
    },
    {
      "cattletype": "breedingbbb",
      "weight": "3456",
      "location": "chennai",
      "id": 30
    },
    {
      "cattletype": "aaaaa",
      "weight": "11111",
      "location": "aaaaa",
      "id": 31
    },
    {
      "cattletype": "bbbb",
      "weight": "bbbb",
      "location": "bbbb",
      "id": 32
    },
    {
      "cattletype": "1111",
      "weight": "111111",
      "location": "4444",
      "id": 33
    },
    {
      "cattletype": "000",
      "weight": "0000",
      "location": "0000",
      "id": 34
    },
    {
      "cattletype": "9999",
      "weight": "9999",
      "location": "9999",
      "id": 35
    },
    {
      "assetid": "1234",
      "userid": "admin",
      "target": "1234",
      "status": "1234",
      "id": 36
    },
    {
      "assetid": "12345",
      "userid": "farmer001",
      "target": "texas",
      "status": "in Progress",
      "id": 37
    },
    {
      "assetid": "3333",
      "userid": "farmer003",
      "target": "chennai",
      "id": 38
    },
    {
      "assetid": "3123",
      "userid": "f005",
      "targetid": "ph001",
      "id": 39
    },
    {
      "assetid": "2134",
      "userid": "f008",
      "targetid": "fgbgb",
      "id": 40
    },
    {
      "assetid": "2134",
      "userid": "f008",
      "targetid": "fgbgb",
      "id": 41
    },
    {
      "assetid": "2134",
      "userid": "f008",
      "targetid": "fgbgb",
      "id": 42
    },
    {
      "assetid": "35456",
      "userid": "f004",
      "targetid": "123",
      "id": 43
    },
    {
      "assetid": "2345",
      "userid": "f001",
      "targetid": "sdfsdf",
      "id": 44
    },
    {
      "assetid": "5286",
      "userid": "f003",
      "targetid": "sdfsgf",
      "id": 45
    },
    {
      "assetid": "1234",
      "userid": "f0009",
      "targetid": "svfsd",
      "id": 46
    },
    {
      "assetid": "lo123",
      "userid": "f0088",
      "targetid": "dfd",
      "id": 47
    },
    {
      "assetid": "lo123",
      "userid": "f0088",
      "targetid": "dfd",
      "id": 48
    },
    {
      "assetid": "lo123",
      "userid": "f0088",
      "targetid": "dfd",
      "id": 49
    },
    {
      "assetid": "lo123",
      "userid": "f0088",
      "targetid": "dfd",
      "id": 50
    },
    {
      "assetid": "lo123",
      "userid": "f0088",
      "targetid": "dfd",
      "id": 51
    },
    {
      "assetid": "lo123",
      "userid": "f0088",
      "targetid": "dfd",
      "id": 52
    },
    {
      "assetid": "112233",
      "userid": "f007",
      "targetid": "dfdf",
      "id": 53
    },
    {
      "assetid": "1123",
      "userid": "f0077",
      "targetid": "gtge",
      "id": 54
    },
    {
      "assetid": "lot123",
      "userid": "farmer90",
      "target": "ph111",
      "location": "texas",
      "weight": "1200",
      "cattletype": "breeding heir",
      "id": 55
    },
    {
      "assetid": "eeas",
      "userid": "f00012",
      "target": "ph002",
      "location": "florida",
      "weight": "2000",
      "cattletype": "breeding heir",
      "id": 56
    }
  ],
  "cattle": [
    {
      "id": 1,
      "cattletype": "Breeding Heifer",
      "weight": "1000pounds",
      "location": "dallas"
    },
    {
      "id": 2,
      "cattletype": "Heifer",
      "weight": "500pounds",
      "location": "newjersy"
    },
    {
      "id": 3
    },
    {
      "id": 4
    },
    {
      "id": 5
    },
    {
      "cattletype": "breeding heir",
      "weight": "3000pounds",
      "location": "chennai",
      "id": 6
    },
    {
      "cattletype": "bfffs",
      "weight": "34455",
      "location": "sgsfg",
      "id": 7
    },
    {
      "cattletype": "1111",
      "weight": "111",
      "location": "111",
      "id": 8
    },
    {
      "cattletype": "6666",
      "weight": "6666",
      "location": "6666",
      "id": 9
    },
    {
      "cattletype": "breeding heir",
      "weight": "1000pounds",
      "location": "texas",
      "id": 10
    },
    {
      "cattletype": "breeding heir",
      "weight": "1000",
      "location": "texas",
      "id": 11
    },
    {
      "cattletype": "bvvvvv",
      "weight": "2222",
      "location": "tnagar",
      "id": 12
    },
    {
      "cattletype": "bbbb",
      "weight": "1111",
      "location": "texas",
      "id": 13
    },
    {
      "cattletype": "breed",
      "weight": "0000",
      "location": "bangalore",
      "id": 14
    }
  ],
  "processingHouse": [
    {
      "assetid": "1234",
      "userid": "4567",
      "lotid": "",
      "status": ""
    }
  ]
}