{
  "farmer": [
    {
      "id": 1,
      "assetid": "5286",
      "userid": "F002",
      "lotid": "123",
      "location": "texas",
      "weight": "300pounds",
      "cattletype": "Breeding Heir",
      "target": "ph02",
      "birthdate": "12-12-2008",
      "age": "10"
    },
    {
      "id": 1,
      "assetid": "5287",
      "userid": "F001",
      "lotid": "1123",
      "location": "texas",
      "weight": "2000pounds",
      "cattletype": "Breeding Heir",
      "target": "ph02",
      "birthdate": "12-05-2014",
      "age": "4"
    },
    {
      "id": 1,
      "assetid": "5288",
      "location": "texas",
      "weight": "2000pounds",
      "cattletype": "Breeding Heir",
      "target": "ph02",
      "birthdate": "12-05-2014",
      "age": "4"
    },
    {
      "assetid": "5288",
      "location": "texas",
      "weight": "2000pounds",
      "cattletype": "Breeding Heir",
      "id": 2
    },
    {
      "assetid": "5286",
      "userid": "Far007",
      "id": 3
    },
    {
      "assetid": "5288",
      "location": "texas",
      "weight": "2000pounds",
      "cattletype": "Breeding Heir",
      "age": "4",
      "birthdate": "12-05-2014",
      "id": 4
    },
    {
      "assetid": "5288",
      "location": "texas",
      "weight": "2000pounds",
      "cattletype": "Breeding Heir",
      "age": "4",
      "birthdate": "12-05-2014",
      "id": 5
    },
    {
      "assetid": "5288",
      "location": "texas",
      "weight": "2000pounds",
      "cattletype": "Breeding Heir",
      "age": "4",
      "birthdate": "12-05-2014",
      "id": 6
    },
    {
      "assetid": "5288",
      "location": "texas",
      "weight": "2000pounds",
      "cattletype": "Breeding Heir",
      "age": "4",
      "birthdate": "12-05-2014",
      "id": 7
    }
  ],
  "processingHouse": [
    {
      "assetid": "1234",
      "userid": "4567",
      "status": "processing",
      "target": "warehouse1",
      "packingdate": "12-12-2018",
      "useby": "18-12-2018",
      "location": "houston"
    },
    {
      "assetid": "12345",
      "userid": "45678",
      "status": "processing",
      "target": "warehouse2",
      "packingdate": "12-12-2018",
      "useby": "18-12-2018",
      "location": "houston"
    },
    {
      "assetid": "123456",
      "userid": "456789",
      "status": "processing",
      "target": "warehouse3",
      "packingdate": "12-12-2018",
      "useby": "18-12-2018",
      "location": "houston"
    }
  ],
  "wareHouse": [
    {
      "assetid": "1000",
      "userid": "66666",
      "status": "processing",
      "target": "warehouse1",
      "binlocation": "loc1A",
      "racktype": "rack3B",
      "deliverby": "12-12-18",
      "intime": "12-10-2018 14:00:00",
      "location": "detroit"
    },
    {
      "assetid": "1001",
      "userid": "77777",
      "status": "processing",
      "target": "warehouse1",
      "binlocation": "loc2A",
      "racktype": "rack6B",
      "deliverby": "30-10-18",
      "intime": "12-10-2018 09:15:00",
      "location": "detroit"
    },
    {
      "assetid": "1003",
      "userid": "456789",
      "status": "processing",
      "target": "warehouse3",
      "binlocation": "loc3A",
      "racktype": "rack3B",
      "deliverby": "12-30-2018",
      "intime": "12-10-2018 10:30:45",
      "location": "detroit"
    }
  ],
  "iotdata": [
    {
      "binlocation": "loc1A",
	  "starttime": "12-10-2018 10:00:00", 
	  "sensor": "s1",
      "endtime": "12-10-2018 11:00:00",
	  "temperature": "25"
    },
    {
      "binlocation": "loc2A",
	  "starttime": "12-10-2018 10:00:00", 
	  "sensor": "s2",
      "endtime": "12-10-2018 11:00:00",
	  "temperature": "25"
    },
    {
      "binlocation": "loc3A",
	  "starttime": "12-10-2018 12:00:00",
      "sensor": "s3",	  
      "endtime": "12-10-2018 13:00:00",
	  "temperature": "25"
    },
	{
      "binlocation": "loc4A",
	  "starttime": "12-10-2018 13:00:00",
      "sensor": "s4",	  
      "endtime": "12-10-2018 14:00:00",
	  "temperature": "25"
    },
	{
      "binlocation": "loc5A",
	  "starttime": "12-10-2018 15:00:00",
      "sensor": "s5",	  
      "endtime": "12-10-2018 16:00:00",
	  "temperature": "25"
    }
  ]
}